COMPOUND,SMILES,CIP Labels,Blue Book Ref,Stereogenic Units,Sequence Rules,Figure,Different from CIP Labels,Rdkit + Canonize.py,balloon + Canonize.py,
VS001,C1[C@]2(CCCC1)CC=CC2,,P-93.5.3.3,TH,,,0,8Z 9Z,8Z 9Z,1
VS002,C1=CCC=CC=C1,,P-93.5.1.4.1,,,,0,1Z 2Z 4Z 5Z 6Z 7Z,1Z 2Z 4Z 5Z 6Z 7Z,1
VS003,C[S@@](=O)C,,P-93.3.3.2,TH,,,1,,,1
VS004,C1=CC=C2C(=C1)CCC=C2,,P-93.5.4.1,,,,0,9Z 10Z,9Z 10Z,1
VS005,OC=1C=CC=CC1[C@H](C2=CC=CC=C2O)O,,,TH,,Figure 5,1,,,1
VS006,C1[C@H]2C[C@H]3C[C@@H]1C[C@@H](C2)C3,,,TH,,,1,,,1
VS007,O[C@@H](C=1C=CC=C[13CH]1)C=2[13CH]=CC=CC2,,,TH,,Figure 7,1,,,1
VS008,C=1[C@@H]2C=C[C@H](C1)C=C2,,P-93.5.2.3,TH,,,0,1Z 3Z 4Z 6Z 7Z 8Z,1Z 3Z 4Z 6Z 7Z 8Z,1
VS009,[C@@H]12[C@H]3[C@H]4[C@@H]1[C@@H]5[C@H]4[C@H]3[C@H]25,,,TH,,Figure 12,1,,,1
VS010,C=1C=2C(=C3C=4C5=C(C=CC4C=CC3=CC2)C=CC=C5)C6=C(C1)C=CC=C6,19P 26P,P-92.1.2.2.1,HE,,,0,,,1
VS011,C=1C=2C(=C3C=4C5=C(C=CC4C=CC3=CC2)C=CC=C5)C6=C(C1)C=CC=C6,19M 26M,P-92.1.2.2.1,HE,,,0,,,1
VS012,C1=C2CC=C3[C@]24C(CC=C4C1)=CC3,,,TH,,Figure 12,0,1Z 2Z 4Z 5Z 7Z 9Z 10Z 12Z,1Z 2Z 4Z 5Z 7Z 9Z 10Z 12Z,1
VS013,CC\C(\C(\C)=N\O)=N\O,3Z 4E 6E 8Z,P-93.4.2.1.3,CT,1a,,1,3Z 4E 6E 8Z,3Z 4E 6E 8Z,1
VS014,[O-][N+](C=1C=CC(=CC1)[S@@](OCC)=O)=O,9R,P-93.3.4.1,TH,1a,,0,,,1
VS015,[SiH3][C@]([GeH3])(OC)SC,2R,P-92.2.1.1.1,TH,1a,,1,2R,2R,1
VS016,O=C([C@H]([C@H]([C@@H](C(O)=O)Cl)Cl)Cl)O,3R 5R,P-93.4.1.2,TH,1a,,1,3R 5R,3R 5R,1
VS017,O=C([C@@H]([C@H]([C@H](C(O)=O)Cl)Cl)Cl)O,3S 5S,P-93.4.1.2,TH,1a,,1,3S 5S,3S 5S,1
VS018,C1[C@@H]2C=C[C@H](CCCCCC\C=C\C1)CC2,2S 5R 12E 13E,P-93.5.2.3,"CT,TH",1a,,0,2S 3Z 4Z 5R 12Z 13Z ,2S 3Z 4Z 5R 12E 13E,0
VS019,C1CCCCC\C=C\C1,7E 8E,P-93.5.1.4.1,CT,1a,,0,7Z 8Z,7E 8E,0
VS020,CCCCCCCCCC/C(=C(\C#N)/Br)/I,11Z 12Z,P-92.4.1,CT,1a,,1,11Z 12Z,11Z 12Z,1
VS021,C[C@H](CC)O,2R,"P-93.1.1, P-93.4.1.1",TH,1a,,1,2R,2R,1
VS022,C[C@](CC)([2H])O,2S,P-93.4.1.1,TH,1a,,1,2S,2S,1
VS023,O=C1CC=2C(C=3C(C1)=CC=CC3[N+]([O-])=O)=C(C=CC2)[N+]([O-])=O,5M 6M,P-93.5.4.1,AT,1a,,0,,,1
VS024,C[C@H]1[C@@H]2CC[C@H]1[C@H](C2=O)Br,2S 3S 6R 7R,P-93.5.2.1,TH,1a,,1,2S 3S 6R 7R,2S 3S 6R 7R,1
VS025,FC(CN1[C@@H](C2=CC=CS2)CCC1)(F)F,5R,,TH,1a,,0,4R 5R,4R 5R,1
VS026,O[C@@H]/1CC/C=C\CC[C@H](\C=C1)C(C)C,2R 5Z 6Z 9S 10E 11E,P-93.5.1.4.1,"CT,TH",1a,,0,2S 5Z 6Z 9S 10Z 11Z,2S 5Z 6Z 9S 10E 11E,0
VS027,Cl[C@@H]([C@H]1CCCO1)F,2S 3R,,TH,1a,,1,2S 3R,2S 3R,1
VS028,C[C@H]1CCC[C@@]12C[C@H](CCC2)C,2S 6R 8S,P-93.5.3.1,TH,1a,,0,2S 6S 8S,2S 6S 8S,1
VS029,O=C(C1([C@@H]([C@H]([C@@H](C1)Cl)Cl)Cl)C(=O)O)O,4S 5S 6R,P-93.5.1.1.1,TH,1a,,1,4S 5S 6R,4S 5S 6R,1
VS030,O=C(C1([C@H]([C@@H]([C@H](C1)Cl)Cl)Cl)C(=O)O)O,4R 5R 6S,P-93.5.1.3.1,TH,1a,,1,4R 5R 6S,4R 5R 6S,1
VS031,[Br-].C[N@+](C=1C=CC=CC1)(CC=2C=CC=CC2)CC=C,3R,P-93.2.2,TH,1a,,0,,,1
VS032,O[C@H](/C=N\C)C1=NC=CC=C1,2S 3Z 4Z,,"CT,TH",1a,Figure 3,0,2R 3Z 4Z,2R 3Z 4Z,1
VS033,O[C@H](/C=N\C)C=1N=CC=CC1,2S 3Z 4Z,,"CT,TH",1a,Figure 3,0,2R 3Z 4Z,2R 3Z 4Z,1
VS034,Br[C@H]1[C@H](C[C@H](CC1)Br)Br,2R 3S 5S,P-93.5.1.3.1,TH,1a,,1,2R 3S 5S,2R 3S 5S,1
VS035,O[C@@H]1CCCC[C@H]1[C@@H](F)Cl,2R 7R 8S,,TH,1a,,1,2R 7R 8S,2R 7R 8S,1
VS036,N(=N\C1=CC=CC=C1)\C2=CC=CC=C2,1Z 2Z,P-93.4.2.1.3,CT,1a,,0,,,1
VS037,C1=CC2=C([C@@]13N=CCO3)C=CC=C2,5R,P-93.5.3.1,TH,1a,,0,1Z 2Z 5R 6Z 7Z,1Z 2Z 5R 6Z 7Z,1
VS038,CC(C)O[P@](C)(F)=O,5R,,TH,1a,,0,,,1
VS039,CC(C)O[P@@](C)(F)=O,5S,,TH,1a,,0,,,1
VS040,CC1(OC2=C(C=3NC[C@@]4(C3C=C2)C([C@@H]5C[C@@]67C(N([C@]5(C4)CN6CC[C@@]7(C)O)C)=O)(C)C)OC=C1)C,9R 14S 16R 19S 25R,P-93.5.3.1,TH,1a,,0,7S 9S 14R 16R 18R 19S 22S 25R 33Z 34Z,7R 9S 14R 16R 18R 19S 22S 25R 33Z 34Z,0
VS041,C/C(=C/1\C=2C(=CC=CC2)C=C1)/CC,2E 3E,P-93.5.1.4.2.1,CT,1a,,0,2E 3E 10Z 11Z,2E 3E 10Z 11Z,1
VS042,CC1=C(C=CC=C1)/N=N/P(=O)([O-])OC,8E 9E,,CT,1a,,0,,,1
VS043,C[C@]12C[C@@H](CCC1)CCCCCCCC2,2R 4R,P-93.5.2.1,TH,1a,,1,2R 4R,2R 4R,1
VS044,COP(=O)(/N=N/C1=CC(=CC=C1)F)[O-],5E 6E,,CT,1a,,0,,,1
VS045,CC[N@@+](C=1C=CC=CC1)([O-])C,3S,P-93.2.3,TH,1a,,1,3S,3S,1
VS046,O=C([C@]1([C@@H](CCC1)Cl)Cl)O,3R 4R,P-93.5.1.3.2,TH,1a,,1,3R 4R,3R 4R,1
VS047,O=C(O)[C@H]([C@H](C)Cl)O,4R 5S,P-93.4.1.2,TH,1a,,1,4R 5S,4R 5S,1
VS048,O=C(O)[C@@H]([C@H](C)Cl)O,4S 5S,"P-91.3, P-93.4.1.2",TH,1a,,1,4S 5S,4S 5S,1
VS049,O=S(/C=C(\C=C\C(=O)O)/C(=C/C)/Cl)(=O)O,3E 4E 5E 6E 10Z 11Z,P-93.4.2.1.2,CT,1a,,0,3Z 4Z 5E 6E 10Z 11Z,3E 4E 5E 6E 10Z 11Z,0
VS050,C1[C@H]2[C@@H](C[C@H]3[C@@H]1CCCC3)CCCC2,2S 3R 5S 6R,"P-93.5.4.1, P-93.5.4.2",TH,1a,,1,2S 3R 5S 6R,2S 3R 5S 6S,0
VS051,CC1=C2CC[C@](OC2=C(C(=C1O)C)C)(CCC[C@@H](CCC[C@@H](CCCC(C)C)C)C)C,6R 18R 22R,P-93.1.4,TH,1a,,1,6R 18R 22R,6R 18R 22R,1
VS052,O[C@@H]1C[C@@]2(CC[C@@]1(O)C)C(CCCC2(C)C)=O,2R 4R 7S,P-93.5.3.1,TH,1a,,0,2R 4S 7S,2R 4S 7S,1
VS053,C/C=C/C=C/CC(OC[C@H](OC(C/C=C/C=C/C)=O)CO)=O,2E 3E 4E 5E 10R 14E 15E 16E 17E,P-93.4.2.4,"CT,TH",1a,,1,2E 3E 4E 5E 10R 14E 15E 16E 17E,2E 3E 4E 5E 10R 14E 15E 16E 17E,1
VS054,[Br-].OC=1C=CC([P@+]2(CCC3=CC=CC=C3C2)C4=CC=CC=C4)=CC1,7S,P-93.2.2,TH,1a,,0,,,1
VS055,BrC=1C(=C(C=CC1)C(=O)O)C=2C(=CC=CC2Br)C(=O)O,3P 11P,,AT,1a,,0,,,1
VS056,O=C(O[C@@H]1[C@@H](SC2=C(N(C1=O)CCN(C)C)C=CC=C2)C3=CC=C(C=C3)OC)C,4S 5S,P-93.5.4.1,TH,1a,,0,4S 5S 9S,4S 5S 9S,1
VS057,[O-][N+](C=1C(=C(C=CC1)C(=O)O)C2=C(C=CC=C2[N+]([O-])=O)C(=O)O)=O,4M 12M,P-93.5.7.1,AT,1a,,0,,,1
VS058,CC/C=C\C=C\CC,3Z 4Z 5E 6E,P-93.4.2.1.2,CT,1a,,1,3Z 4Z 5E 6E,3Z 4Z 5E 6E,1
VS059,C[N@+](CCC)(CC)C=1C=CC=CC1,2R,,TH,1a,,0,2S,2S,1
VS060,C/C=C\C,2Z 3Z,"P-90, P-91.3, P-93.4.2.1.1",CT,1a,,1,2Z 3Z,2Z 3Z,1
VS061,C/C=C/C,2E 3E,P-93.4.2.1.1,CT,1a,,1,2E 3E,2E 3E,1
VS062,C1[C@@]/2(CC=C1)CCCCC/C=C2,11Z 12Z,P-93.5.3.3,"CT,TH",1a,,0,4Z 5Z 11Z 12Z,4Z 5Z 11Z 12Z,1
VS063,O[C@H]/1CCCCCCCCCCCCCCCCCCCCCCC[C@H]2CC1=C=C=C/CCCCCCCCCCCCCCCCC2,2S 26R 28E 31E,P-93.5.2.3,"CT4,TH",1a,,0,2S 26S 28E 29E 30E 31E ,2S 26S 28E 29E 30E 31E ,1
VS064,CC[C@H](C1CC1)Cl,3R,P-92.2.1.3,TH,1a,,1,3R,3R,1
VS065,C1[C@@H]2[C@@H](N[C@H]3[C@@H]1CCCC3)CCCC2,2R 3S 5R 6R,P-93.5.4.2,TH,1a,,0,2R 3S 4R 5R 6R,2R 3S 4S 5R 6R,0
VS066,C[C@@H]([C@H](C)Br)O,2S 3S,P-93.1.1,TH,1a,,1,2S 3S,2S 3S,1
VS067,C[C@H]([C@@H](C)Br)O,2R 3R,P-93.1.2.1,TH,1a,,1,2R 3R,2R 3R,1
VS068,[Na+].S=[P@@]([O-])(C)OC(C)C,3R,P-93.2.4,TH,1a,,0,,,1
VS069,C=1[C@H]2CC[C@@H](C1)C2,2S 5R,P-93.5.2.3,TH,1a,,0,1Z 2S 5R 6Z,1Z 2S 5R 6Z,1
VS070,C[C@]12[C@@H]3[C@](CC[C@@H]1O)(OC2=O)[C@H]4[C@@]5([C@H]3C(=O)O)C[C@@](CC4)(C(C5)=C)O,2S 3R 4R 7S 12R 13S 14S 19S,,TH,1a,,0,2S 3R 4R 7S 12R 13R 14R 19S,2S 3R 4R 7S 12R 13R 14R 19S,1
VS071,O=[P@@](C=1C=CC=CC1)(C)CCC,2S,P-93.2.3,TH,1a,,0,,,1
VS072,OC=1C(C=2C(=CC=C3C2C=CC=C3)OC(=O)[C@H]4CC4(C)C)=C5C=CC=CC5=CC1,3M 4M 17S,P-93.5.7.1,"AT,TH",1a,,0,17S,17S,1
VS073,NC=1C(C=2C(=CC=CC2N)OC)=C(C=CC1)C(=O)O,3M 4M,,AT,1a,,0,,,1
VS074,C[S@](=O)C=1C=CC=CC1,2S,P-93.3.4.1,TH,1a,,0,,,1
VS075,O[C@@H]1[C@H]2C[C@H](C[C@@H]([C@H](CC1)OC)O2)I,2S 3R 5R 7S 8S,P-93.5.2.1,TH,1a,,1,2S 3R 5R 7S 8S,2S 3R 5R 7S 8S,1
VS076,Cl[C@@H](O)C,2R,,TH,1a,,1,2R,2R,1
VS077,Cl[C@H](O)C,2S,,TH,1a,,1,2S,2S,1
VS078,C1CCCCCCCCCCCCCCCCCCCC[C@@H]2CCCCCCCCCCCCCCCCCCCC(=[C@]=C1)C2,22R 42P 44P,P-93.5.2.3,"TH,TH3",1a,,0,22R 42E 43E 44E,22R 42E 43E 44E,1
VS079,ClC=[C@]=CCl,2M 4M,P-93.4.2,TH3,1a,,0,,,1
VS080,C[C@H]1[C@H](CCCC1)C,2R 3S,P-92.2.1.3,TH,1a,,1,2R 3S,2R 3S,1
VS081,C#CCN1[C@@H](CCCC1)C2=CN=CC=C2,5S,,TH,1a,,0,4R 5S,4S 5S,0
VS082,C[C@@]12CC3=C(C[C@H]1CCCC2)C=CC=C3,2R 7R,P-93.5.4.1,TH,1a,,1,2R 7R,2R 7R,1
VS083,O[C@@H](C(CCC1C=C1)(CCC2C=C2)CCC3C=C3)[C@@]45C=C[C@@H](C=C4)C=C5,2S,,TH,1a,,0,2R 7Z 8Z 12Z 13Z 17Z 18Z 20Z 21Z 23Z 24Z 25Z 26Z ,2R 7Z 8Z 12Z 13Z 17Z 18Z 20Z 21Z 23Z 24Z 25Z 26Z ,1
VS084,O1[C@@H]2[C@@H]3CO[C@H]([C@@H]21)O3,2R 3S 6S 7R,P-93.5.2.1,TH,1a,,0,2S 3S 6S 7R,2S 3S 6S 7R,1
VS085,ClC=1\C(\C=C2C1C=CC=C2)=C\C,3E 11E,P-93.5.1.4.2.1,CT,1a,,0,2E 3E 4Z 5Z 6E 11E ,2E 3E 4Z 5Z 6E 11E ,1
VS086,[O-][N+](C1=C(C=2C(=CC=C(C2)OC)OC)C(=CC=C1)C(=O)O)=O,4P 5P,P-93.5.7.1,AT,1a,,0,,,1
VS087,C[C@@H](C=1C=CC(\C=C\O/C=C/C=2C=CC(=CC2)[C@H](C)C(=O)O)=CC1)C(=O)O,2S 7E 8E 10E 11E 18S,P-93.6,"CT,TH",1a,,0,2S 7E 8E 10E 11E 18S ,2S 7E 8E 10E 11E 18S ,1
VS088,C[C@@H](C=1C=CC(/C=C\O/C=C/C=2C=CC(=CC2)[C@H](C)C(=O)O)=CC1)C(=O)O,2S 7Z 8Z 10E 11E 18S,,"CT,TH",1a,,0,2S 7Z 8Z 10E 11E 18S ,2S 7Z 8Z 10E 11E 18S ,1
VS089,COC[C@H]1CO1,4R,,TH,1a,,0,4S,4S,1
VS090,C[C@H](C=C)O,2R,P-92.1.4.2,TH,1a,,1,2R,2R,1
VS091,C[C@@]12CCC[C@]3([C@@]14[C@@]5([C@@]6(CC2)CCC[C@]5(CC3)S6)O4)O,2S 6S 7R 8S 9S 15R,,TH,1a,,0,2S 6S 7R 8S 9R 15R ,2S 6S 7R 8S 9R 15R ,1
VS092,O[C@H](CO)C=O,2R,P-92.2.1.2,TH,1a,,0,2S,2S,1
VS093,C1CCCC/C=C\C=C\C1,6Z 7Z 8E 9E,P-93.5.1.4.1,CT,1a,,0,6Z 7Z 8Z 9Z,6Z 7Z 8E 9E,0
VS094,Cl[C@@H](C=1C=CC=CC1)CC,2R,P-91.3,TH,1a,,1,2R,2R,1
VS095,[Cl-].OC=1C=CC([P@+]2(CCC3=CC=CC=C3C2)C=4C=CC=CC4)=CC1,7S,P-93.5.4.1,TH,1a,,0,,,1
VS096,O/N=C(\C1=CC=C(C=C1)Cl)/C2=CC=CC=C2,2Z 3Z,P-93.4.2.1.3,CT,1a,,1,2Z 3Z,2Z 3Z,1
VS097,O=C1N=C([N-]C=2C=CC=CC2)[C@H](C(N1)=O)C#N,12R,,TH,1a,,0,3E 4E 12R 14R,3E 4E 12R 14R,1
VS098,O[C@H]1[C@@H](CC[C@H](C1)C)C(C)C,2R 3S 6R,P-93.5.1.1.1,TH,1a,,1,2R 3S 6R,2R 3S 6R,1
VS099,CC([C@@H](O)C1CC1)C,3R,P-92.1.4.3,TH,1a,,1,3R,3R,1
VS100,C/C=C\C=C\CCC,2Z 3Z 4E 5E,P-93.4.2.1.2,CT,1a,,1,2Z 3Z 4E 5E,2Z 3Z 4E 5E,1
VS101,C/C=C/1\C/C(/CC1)=C/C,2Z 3Z 5E 8E,P-93.5.1.4.2.1,CT,1a,,1,2Z 3Z 5E 8E,2Z 3Z 5E 8E,1
VS102,Cl[C@H]1C[C@@H](C[C@@H](C1)[N+]([O-])=O)O[C@H](CC)C,2R 4R 6S 12S,P-93.1.2.2,TH,1a,,1,2R 4R 6S 12S,2R 4R 6S 12S,1
VS103,O=C([C@H]([C@H]([C@@H]([C@@H]([C@@H](C(O)=O)Cl)Cl)Cl)Cl)Cl)O,3R 4R 6R 7R,P-93.4.1.2,TH,1a,,1,3R 4R 6R 7R,3R 4R 6R 7R,1
VS104,C[Si@H](CCC)O,2R,P-93.2.6,TH,1a,,1,2R,2R,1
VS105,FC[C@H]([C@@H]([C@H]([C@@H]([C@H](CF)F)CCBr)O)CCI)F,3S 4R 5S 6S 7R,P-92.2.1.1.3,TH,1a,,1,3S 4R 5S 6S 7R,3S 4R 5S 6S 7R,1
VS106,N1CC[C@@H]2[C@@H]1CCCC2,4R 5S,P-93.5.4.1,TH,1a,,0,1R 4R 5S,1S 4R 5S,0
VS107,C\C=C(/C(=C\C=C\C)/CC(=O)O)\Cl,2E 3E 4Z 5Z 6E 7E,P-93.4.2.1.2,CT,1a,,1,2E 3E 4Z 5Z 6E 7E,2E 3E 4Z 5Z 6E 7E,1
VS108,C[C@H]1[C@@H](C[C@@H](C1)C)C,2R 3R,P-93.5.1.1.1,TH,1a,,1,2R 3R,2R 3R,1
VS109,C=C[C@H](C=O)O,3R,P-92.2.1.2,TH,1a,,1,3R,3S,0
VS110,ClC1=CC=C(C=C1)/C(=C/C2=CC=CC=C2)/C3=CC=CC=C3,8E 9E,P-93.4.2.1.1,CT,1a,,1,8E 9E,8E 9E,1
VS111,F[C@H]1[C@@H]2C[C@H]([C@H]1CC2)Br,2S 3S 5R 6S,P-93.5.2.2.1,TH,1a,,1,2S 3S 5R 6S,2S 3S 5R 6S,1
VS112,O=C([C@@H]1[C@@H](CCC1)Cl)O,3R 4R,"P-93.1.1, P-93.5.1.1.1",TH,1a,,1,3R 4R,3R 4R,1
VS113,Cl[C@@H]1[C@H](CCC1)C(=O)O,2S 3R,P-93.1.2.1,TH,1a,,1,2S 3R,2S 3R,1
VS114,N#C/C(=C(\Br)/I)/Br,3Z 4Z,P-93.4.2.1.1,CT,1a,,1,3Z 4Z,3Z 4Z,1
VS115,FC[C@H]([C@@H]([C@H]([C@@H]([C@H](CCl)F)CCBr)O)CCI)F,3S 4R 5R 6S 7R,P-92.2.1.1.3,TH,1a,,1,3S 4R 5R 6S 7R,3S 4R 5R 6S 7R,1
VS116,Br[C@]1(C[C@@](CCC1)(CC)C)Cl,2R 4R,P-93.5.1.3.2,TH,1a,,1,2R 4R,2R 4R,1
VS117,I/C(=C(/Cl)\Br)/Br,2Z 3Z,P-93.4.2.1.1,CT,1a,,1,2Z 3Z,2Z 3Z,1
VS118,Br\C=C=C=C\Cl,2E 5E,,CT4,1a,,0,2E 3E 4E 5E,2E 3E 4E 5E,1
VS119,C[C@H]([C@@](C)(Cl)[2H])Cl,2R 3R,P-93.4.1.2,TH,1a,,1,2R 3R,2R 3R,1
VS120,O=C([C@@H]1CCCCCCCCCCCCCCCCCCCCCC[C@@H]2CCCCCCCCCCCCCCCCCC=[C@]=C1C2)O,3R 26R 44P 46P,P-93.5.2.3,"TH,TH3",1a,,0,3R 26S 44E 45E 46E ,3R 26S 44E 45E 46E ,1
VS121,Cl\C\1=C\CCCCCCCCCC1,2E 3E,P-91.3,CT,1a,,1,2E 3E,2E 3E,1
VS122,O=[P@@](C=1C=CC=CC1)(C)OC,2S,P-93.2.4,TH,1a,,0,,,1
VS123,O[C@H](C1CCC1)C2CC2,2S,P-92.2.1.3,TH,1a,,0,2R,2R,1
VS124,C[C@@H](C=1C2=C(C=C(C1)CCC=3C=CC(=CC3)CC2)[C@@H](C)Br)Br,2S 19R,P-92.6,TH,1a,,0,2S 19S,2S 19R,0
VS125,O=C(C1=CC=NC=C1)N/N=C\2/[C@@H]3[C@@H](C2)C=CC3,10E 11E 12S 13S,,"CT,TH",1a,,0,9S 10E 11E 12S 13R 15Z 16Z,9R 10E 11E 12S 13R 15Z 16Z ,0
VS126,O=C([C@H]1C[C@H]([C@@H](OC=2C=CC(/C=C\O/C=C/C=3C=CC(=CC3)O[C@H]4[C@H](C[C@H](CC4)C(=O)O)O/C=C/C=5C=CC=CC5)=CC2)CC1)O/C=C/C=6C=CC=CC6)O,3R 5R 6S 12Z 13Z 15E 16E 24R 25S 27S 34E 35E 47E 48E,P-93.6,"CT,TH",1a,,0,3R 5R 6S 12Z 13Z 15E 16E 24R 25S 27S 34E 35E 47E 48E ,3R 5R 6S 12Z 13Z 15E 16E 24R 25S 27S 34E 35E 47E 48E ,1
VS127,O=C([C@@H]1C[C@@H]([C@H](OC=2C=CC(\C=C\O/C=C/C=3C=CC(=CC3)O[C@@H]4[C@@H](C[C@@H](CC4)C(=O)O)O/C=C/C=5C=CC=CC5)=CC2)CC1)O/C=C/C=6C=CC=CC6)O,3S 5S 6R 12E 13E 15E 16E 24S 25R 27R 34E 35E 47E 48E,P-93.6,"CT,TH",1a,,0,3S 5S 6R 12E 13E 15E 16E 24S 25R 27R 34E 35E 47E 48E ,3S 5S 6R 12E 13E 15E 16E 24S 25R 27R 34E 35E 47E 48E ,1
VS128,C[C@H]1C[C@@H]2C[C@H](C)[N@]1[C@@H](C)C2,2S 6S 9S,,TH,1a,,1,2S 6S 9S,,0
VS129,C[C@@H]1C[C@H]2C[C@@H](C)[N@@]1[C@H](C)C2,2R 6R 9R,,TH,1a,,1,2R 6R 9R,,0
VS130,O=[S@@](=S)(C=1C=CC=CC1)OC,2S,P-93.2.5,TH,1a,,0,,,1
VS131,C1[C@@]2(CC[C@@]13OCCC3)CCCO2,2S 5R,P-93.5.3.1,TH,1a,,1,2S 5R,2S 5R,1
VS132,CC=1C=CC=2[N@@]3CC=4C=C(C=CC4[N@](CC2C1)C3)C,6S 14S,P-93.5.4.1,TH,1a,,1,6S 14S,,0
VS133,C#CCOC[C@H]1OC1,6S,,TH,1a,,0,6R,6R,1
VS134,O[C@@H]1C=CC2=CC3=CC4=C5C6=C(C=CC7=C6C8=C(C=C7)C=C9CC%10=CC=CC%11=C%10C%12=C9C8=C5C3=C%12C2=C1%11)C=C4,2R,,TH,1a,,0,2R 3Z 4Z,2R 3Z 4Z,1
VS135,C/C=C=C=C\C,2Z 5Z,P-93.4.2.3,CT4,1a,,0,2E 3E 4E 5E,2E 3E 4E 5E,1
VS136,O=C(O[C@@H](C)CC)CC[C@@H](CC)Cl,4S 10R,P-91.3,TH,1a,,1,4S 10R,4S 10R,1
VS137,C/C=C(/C)\C(=O)O,2Z 3Z,P-93.4.2.1.1,CT,1a,,1,2Z 3Z,2Z 3Z,1
VS138,C[P@@](C=1C=CC=CC1)CCC,2R,P-93.3.4.1,TH,1a,,0,2S,,0
VS139,CC[C@@H](C)Br,3R,P-93.1.3,TH,1a,,1,3R,3R,1
VS140,C1/C=C/CCCCC1,2E 3E,P-93.5.1.4.1,CT,1a,,0,2Z 3Z,2E 3E,0
VS141,C/C=C\C=C=[C@@]=C=CO,2Z 3Z 4P 8P,P-93.4.2,"TH5,CT",1a,,0,2Z 3Z 4E 5E 7E 8E,2Z 3Z 4E 5E 7E 8E,1
VS142,O[C@@H](C1CC1)C=O,2S,P-92.2.1.3,TH,1a,,1,2S,2S,1
VS143,Cl[C@]12CCCC[C@@]1(CC[C@@H](C2)F)O,2S 7S 10S,,TH,1a,,1,2S 7S 10S,2S 7S 10S,1
VS144,NC(=[C@]=C(C)O)Br,2P 4P,,TH3,1a,,0,2E 3E 4E,2E 3E 4E,1
VS145,C=C[C@@H](CC)O,3R,"P-91.3, P-92.2.1.2",TH,1a,,0,3S,3S,1
VS146,CCCCC/C=C\C[C@H](/C=C/C=C/C=C\[C@H](CCCC(O)=O)O)O,6Z 7Z 9R 10E 11E 12E 13E 14Z 15Z 16S,P-93.4.2.4,"CT,TH",1a,,0,6Z 7Z 9S 10E 11E 12E 13E 14Z 15Z 16R,6Z 7Z 9S 10E 11E 12E 13E 14Z 15Z 16R,1
VS147,O=[S@](CC)C,2S,P-93.3.4.1,TH,1a,,0,,,1
VS148,O=C(\C=C\C(=O)O)O,3E 4E,P-93.4.2.1.1,CT,1a,,1,3E 4E,3E 4E,1
VS149,C[C@H](CO)Cl,2R,P-92.2.1.1.2,TH,1a,,1,2R,2R,1
VS150,C[C@]12CCCC[C@@H]1CCOC2,2S 7R,,TH,1a,,1,2S 7R,2S 7R,1
VS151,C=C[C@H](C#N)O,3R,P-92.2.1.2,TH,1a,,1,3R,3R,1
VS152,O[C@@]12C[C@]3(C[C@@](C1)(C[C@H](C3)C2)Br)N,2S 4R 6R 9R,P-93.5.2.1,TH,1a,,1,2S 4R 6R 9R,2S 4R 6R 9R,1
VS153,C/C=C\C=C\C(=O)O,2Z 3Z 4E 5E,P-93.4.2.1.2,CT,1a,,1,2Z 3Z 4E 5E,2Z 3Z 4E 5E,1
VS154,C/C=C=C=C/C=C/C,2E 5E 6E 7E,P-93.4.2.3,"CT,CT4",1a,,0,2E 3E 4E 5E 6E 7E,2E 3E 4E 5E 6E 7E,1
VS155,O=C(C1=C/2C=CC(=C1)/C=C\C=3C(=CC(/C=C2)=CC3)Br)O,9Z 10Z 15Z 16Z,P-93.5.5.1,CT,1a,,0,9E 10E 15E 16E,9Z 10Z 15Z 16Z,0
VS156,C[C@H](OC)SC,2R,P-92.2.1.1.1,TH,1a,,1,2R,2R,1
VS157,C[C@@](C=1C=CC(\C=C\O/C=C/C=2C=CC(=CC2)[C@H](C)C(=O)O)=CC1)(C(=O)O)Br,2R 7E 8E 10E 11E 18S,P-93.6,"CT,TH",1a,,0,2R 7E 8E 10E 11E 18S ,2R 7E 8E 10E 11E 18S ,1
VS158,OC=1C(=C(C=C(C1)C)C)C2=C3C=CC=CC3=CC=C2CO,3P 10P,P-93.5.7.1,AT,1a,,0,,,1
VS159,C[C@@H]1[C@@H]2C[C@]([C@H]1C=C2)(C)Br,2R 3R 5S 6S,P-93.5.2.2.1,TH,1a,,0,2R 3R 5S 6S 7Z 8Z,2R 3R 5S 6S 7Z 8Z,1
VS160,O=C(OC[C@H]1C[C@@H]2C[C@H]1C=C2)CCl,5S 7S 9S,,TH,1a,,0,5S 7S 9R 10Z 11Z,5S 7S 9R 10Z 11Z,1
VS161,C/C=C\CC[C@H](C)Cl,2Z 3Z 6S,P-91.3,"CT,TH",1a,,1,2Z 3Z 6S,2Z 3Z 6S,1
VS162,Cl[C@H](Br)F,2R,"P-91.3, P-92.2.1.1.1",TH,1a,,1,2R,2R,1
VS163,C[C@@H]([C@H](CO)Cl)Cl,2S 3S,P-92.2.1.1.2,TH,1a,,1,2S 3S,2S 3S,1
VS164,C/1CCCCCCCCCCCCCCCCCCC[C@@H]2CC1=C=C=C/CCCCCCCCCCCCCCCCCCCCC2,21R 23Z 26Z,P-93.5.2.3,"CT4,TH",1a,,0,21R 23E 24E 25E 26E,21R 23E 24E 25E 26E,1
VS165,[Na+].[O-][P@](=S)(OC=1C=CC=CC1)OC,3R,P-93.2.4,TH,1a,,0,,,1
VS166,ClC=C=[C@@]=C=CC(=O)O,2P 6P,,TH5,1a,,0,2E 3E 5E 6E,2E 3E 5E 6E,1
VS167,OC[C@@H](CCl)Cl,3S,P-92.2.1.1.2,TH,1a,,1,3S,3S,1
VS168,O[C@@H]([C@H](CC)C)C,2R 3S,,TH,1a,,1,2R 3S,2R 3S,1
VS169,O[C@@H]([C@@H](CC)C)C,2R 3R,,TH,1a,,1,2R 3R,2R 3R,1
VS170,[C@H](O)(SI)S#I,1S,,TH,1a,,1,1S,1S,1
VS171,O[C@@H](C(CCC1CC1)(CCC2CC2)CCC3CC3)C45CCC(CC4)CC5,2S,P-92.2.2,TH,1b,,1,2S,2S,1
VS172,C1[C@H]2CC=C[C@@H]12,2R 6S,P-92.2.2,TH,"1a,1b",Figure 2,0,2R 4Z 5Z 6S,2R 4Z 5Z 6S,1
VS173,O[C@@H](C(/C=C\C1C=C1)(/C=C\C2C=C2)/C=C\C3C=C3)[C@@]45C=C[C@@H](C=C4)C=C5,2S 4Z 5Z 9Z 10Z 14Z 15Z,,"CT,TH","1a,1b", ,0,2S 4Z 5Z 7Z 8Z 9Z 10Z 12Z 13Z 14Z 15Z 17Z 18Z 20Z 21Z 23Z 24Z 25Z 26Z,2S 4Z 5Z 7Z 8Z 9Z 10Z 12Z 13Z 14Z 15Z 17Z 18Z 20Z 21Z 23Z 24Z 25Z 26Z,1
VS174,C1CCC=C[C@H]2[C@H]1CCC2,6R 7R,,TH,"1a,1b",,0,4Z 5Z 6R 7R,4Z 5Z 6R 7R,1
VS175,C[C@](CC)(CO)[13CH2]C,2R,,TH,2,,0,,,1
VS176,O/C(/[16OH])=C(\[18OH])/O,2Z 4Z,,CT,2,,0,,,1
VS177,[18O-][P@@](=O)(OC)[17O-],2S,P-93.2.4,TH,2,,0,,,1
VS178,C[C@]([13CH2]C)([15CH2]C)[14CH2]CC,2S,,TH,2,,0,,,1
VS179,O[C@@H](C[125I])CI,2S,P-92.3,TH,2,,0,,,1
VS180,[3H][C@H](Br)Cl,2S,,TH,2,,0,,,1
VS181,[2H][C@@H](Br)Cl,2R,,TH,2,,0,,,1
VS182,C[C@H](O)[2H],2R,"P-92.3, P-93.4.1.1",TH,2,,0,,,1
VS183,[18O]=[S@](=O)(CC=1C=CC=CC1)C=2C=CC(=CC2)C,2R,P-93.2.5,TH,2,,0,,,1
VS184,C\C=C\[2H],2E 3E,P-93.4.2.1.1,CT,2,,0,,,1
VS185,[2H]/C=C/[1H],2Z 3Z,,CT,2,,0,,,1
VS186,[17O]=[S@](=[18O])([O-])OC=1C=CC=CC1.CCCC[N+](CCCC)(CCCC)CCCC,2S,P-93.2.5,TH,2,,0,,,1
VS187,C[C@@H](C=1C=CC=CC1)[2H],2S,P-93.4.1.1,TH,2,,0,,,1
VS188,C\C=C/1\C/C(/C1)=C\C,2E 3E 5E 7E,P-92.4.2,CT,3,,0,,,1
VS189,C/C=C/1\CC/C(/CC1)=C\C,2Z 3Z 6Z 9Z,P-93.5.1.4.2.1,CT,3,,0,,,1
VS190,C/C=C/1\C/C(/C1)=C/2\C\C(\C2)=C\C,2E 3E 5E 7E 9E 11E,P-93.5.1.4.2.1,CT,3,,0,,,1
VS191,C/C=C\C/C(=C\[C@H](C=C(C/C=C\C)C/C=C\C)O)/C/C=C/C,2Z 3Z 5Z 6Z 7S 11Z 12Z 15Z 16Z 20E 21E,P-92.4.2.2,"CT,TH","1a,3",,0,2Z 3Z 5Z 6Z 7r 11Z 12Z 15Z 16Z 20E 21E,2Z 3Z 5Z 6Z 7r 11Z 12Z 15Z 16Z 20E 21E,1
VS192,C/C=C(/CCC[C@@H](CCC/C(=C\C)/Cl)O)\Cl,2Z 3Z 7R 11E 12E,,"CT,TH","1a,3",,1,2Z 3Z 7R 11E 12E,2Z 3Z 7R 11E 12E,1
VS193,C/C=C(/CCC[C@H](CCC/C(=C\C)/Cl)O)\Cl,2Z 3Z 7S 11E 12E,P-92.4.2,"CT,TH","1a,3",,1,2Z 3Z 7S 11E 12E,2Z 3Z 7S 11E 12E,1
VS194,C/C=C\CCC[C@@H](CCC/C=C/C)O,2Z 3Z 7R 11E 12E,P-92.4.2,"CT,TH","1a,3",,0,2Z 3Z 11E 12E,2Z 3Z 11E 12E,1
VS195,C/C=C\C[C@@H](C/C=C/C)O,2Z 3Z 5R 7E 8E,P-93.4.2.4,"CT,TH","1a,3",,0,2Z 3Z 7E 8E,2Z 3Z 7E 8E,1
VS196,Cl[C@H]1[C@H]([C@H]([C@@H]([C@@H]([C@H]1Cl)Cl)Cl)Cl)Cl,2R 3S 4S 5R 6S 7R,P-93.5.1.1.2,TH,4b,,0,,,1
VS197,Cl[C@H]1[C@@H]([C@H]([C@@H]([C@@H]([C@H]1Cl)Cl)Cl)Cl)Cl,2R 3R 4R 5R 6S 7S,P-92.5.2.2,TH,4b,,0,,,1
VS198,C[C@@H]([C@H](C([C@@H](C([C@@H]([C@@H](C)Cl)C)([C@H](C)[C@@H](C)Cl)[C@@H](C)[C@@H](C)Cl)O)([C@H](C)[C@H](C)Cl)[C@@H](C)[C@@H](C)Cl)C)Cl,2S 3S 5R 7S 8R 12S 14R 17R 19R 23S 25S 28R 30R,P-92.5.2.2,TH,"1a,4b",,0,2S 3S 7S 8S 12S 14S 17S 19S 23S 25S 28S 30S,2S 3S 5s 7S 8R 12S 14R 17R 19R 23S 25S 28R 30R,0
VS199,O=C([C@H]([C@H]([C@@H]([C@@H]([C@H](C(O)=O)Cl)Cl)Cl)Cl)Cl)O,3R 4R 5R 6R 7S,P-92.5.2.2,TH,"1a,4b",,1,3R 4R 5r 6R 7S,3R 4R 5r 6R 7S,1
VS200,Cl[C@H](C(O)=O)[C@@H]([C@@H]([C@@H]([C@@H](C(O)=O)Cl)Cl)Cl)Cl,2R 6S 7S 8R 9R,,TH,"1a,4b",,1,2R 6S 7S 8R 9R,2R 6S 7S 8R 9R,1
VS201,O=C([C@H]([C@H]([C@@H]([C@H]([C@@H](C(O)=O)Cl)Cl)Cl)Cl)Cl)O,3R 4R 5R 6S 7R,"P-92.5.2.2, P-93.4.1.2",TH,"1a,4b",,1,3R 4R 5R 6S 7R,3R 4R 5R 6S 7R,1
VS202,O=C([C@@H](N([C@@H](C)O)[C@@H](C)O)N([C@@H](C)O)[C@H](C)O)O,3R 5R 8R 12R 15S,P-92.5.2.2,TH,"1a,4b",,0,3r 5R 8R 11r 12R 15S ,3R 4R 5R 8R 11S 12R 15S,0
VS203,C[C@H]([C@H](ON([C@@H](N(C[C@@H]([C@H](C)O)O)O[C@H]([C@H](C)O)O)Cl)C[C@H]([C@H](C)O)O)O)O,2R 3S 6R 9S 10S 15R 16S 22R 23S,P-92.5.2.2,TH,"1a,4b",,0,2R 3S 5R 6R 7S 9S 10S 15R 16S 22R 23S,2R 3S 5R 6R 7S 9S 10S 15R 16S 22R 23S,1
VS204,C[C@@H]([C@@H](ON([C@@H](N(O[C@@H]([C@@H](C)O)O)C[C@H]([C@H](C)O)O)Cl)C[C@@H]([C@H](C)O)O)O)O,2S 3R 6S 9S 10R 15R 16S 22S 23S,,TH,"1a,4b",,0,2S 3R 5S 6r 7S 9S 10R 15R 16S 22S 23S,2S 3R 5R 6R 7S 9S 10R 15R 16S 22S 23S,0
VS205,C[C@H]1CC[C@H](CC1)[C@@H]2CC[C@H](CC2)[C@@H]3CC[C@@H](CC3)C,2s 5s 8r 11r 14s 17s,P-93.5.7.2,TH,5,,0,,,1
VS206,C[C@@H]1CC[C@@H](CC1)[C@@H]2CC[C@@H](CC2)C,2s 5s 8s 11s,P-93.5.7.2,TH,5,,0,,,1
VS207,C[C@H]1CC[C@@H]([C@@]2([C@@H]3CC[C@@H](C)CC3)CC[C@@H](C)CC2)CC1,2s 5s 6r 7r 10r 16r,,TH,5,,0,,,1
VS208,OC=1C2=CC(=C(C1)O)[C@H](C=3C(=CC(=C([C@H](C=4C=C([C@H](C=5C=C([C@H]2CCCCCCCCC)C(=CC5O)O)CCCCCCCCC)C(=CC4O)O)CCCCCCCCC)C3)O)O)CCCCCCCCC,9r 15r 19r 23r,P-93.5.5.2,TH,5,,0,,,1
VS209,Cl[C@@H]1[C@H]([C@@H]([C@H]([C@@H]([C@H]1Cl)Cl)Cl)Cl)Cl,2r 3r 4r 5r 6r 7r,P-93.5.1.1.2,TH,5,,0,,,1
VS210,Cl[C@H]1[C@H]([C@H]([C@H]([C@H]([C@H]1Cl)Cl)Cl)Cl)Cl,2s 3s 4s 5s 6s 7s,P-93.5.1.1.2,TH,5,,0,,,1
VS211,C1[C@@H]2CCCC[C@@H]2CCC1,2s 7s,P-93.5.4.1,TH,5,,0,,,1
VS212,C1[C@@H]2CCCC[C@H]2CCC1,2r 7r,P-93.5.4.1,TH,5,,0,,,1
VS213,O[C@H]1CC[C@@](CC1)(Cl)C,2r 5r,P-93.5.1.1.2,TH,5,,0,,,1
VS214,CC[C@@H]1CC/C(/CC1)=C\2/CC[C@H](CC2)CC,3s 6E 9E 12s,P-93.5.1.4.2.2,"CT,TH",5,,0,,,1
VS215,C1=C2[C@@H]3C(C=NC4=CC=CC(=N1)[C@@H]43)=CC=C2,3s 13s,,TH,5,Figure 6,0,1Z 2Z 3S 4E 5Z 6Z 7E 8E 11Z 12Z 13R 14E 15Z 16Z,1Z 2Z 3S 4E 5Z 6Z 7E 8E 11Z 12Z 13R 14E 15Z 16Z,1
VS216,C1=C2[C@H]3C(C=NC4=CC=CC(=N1)[C@H]43)=CC=C2,3s 13s,,TH,5,Figure 6,0,1Z 2Z 3R 4E 5Z 6Z 7E 8E 11Z 12Z 13S 14E 15Z 16Z,1Z 2Z 3R 4E 5Z 6Z 7E 8E 11Z 12Z 13S 14E 15Z 16Z,1
VS217,C1=C2[C@H]3C(C=CC4=CC=CC(=C1)[C@H]43)=CC=C2,3s 13s,,TH,5,Figure 6,0,1Z 2Z 4Z 7Z 8Z 11Z 12Z 14Z,1Z 2Z 4Z 5Z 6Z 7Z 8Z 11Z 12Z 14Z,0
VS218,C1=CC2=CC=C3C=CC4=CC=C5C=CC6=CC=C1[C@H]1C2=C3[C@@H]4C5=C61,19s 22s,,TH,5,,0,1Z 2Z 7Z 8Z 9Z 10Z 11Z 12Z 15Z 16Z 17Z 18Z 19S 22R,1Z 2Z 7Z 8Z 9Z 10Z 11Z 12Z 15Z 16Z 17Z 18Z 19S 22R,1
VS219,O[C@H]1C[C@@H](C1)O,2r 4r,P-92.6,TH,5,,0,,,1
VS220,Br[C@@]1(CC[C@H]([C@@H]2CC[C@H](CC2)CCCC)CC1)C3=CC=C(C=C3)CC,2s 5s 6s 9r,P-93.5.7.2,TH,5,,0,,,1
VS221,O[C@@H]1CC[C@H](CC1)O,2r 5r,P-93.5.1.1.2,TH,5,,0,,,1
VS222,O[C@H]1CC[C@H](CC1)O,2s 5s,P-93.5.1.1.2,TH,5,,0,,,1
VS223,OC=1C2=CC(=C(C1)O)[C@H](C=3C(=CC(=C([C@H](C=4C=C([C@H](C=5C=C([C@H]2C)C(=CC5O)O)C)C(=CC4O)O)C)C3)O)O)C,9r 15r 19r 23r,,TH,5,,0,,,1
VS224,N#CC(C(C#N)(C#N)[C@@H]1CC[C@@H](CC1)C)(C#N)[C@@H]2CC[C@H](CC2)C,9s 12s 18r 21r,P-93.5.1.2,TH,5,,0,,,1
VS225,C[C@H]1C=2C(=CC=CC2)[C@H](C3=C1C=CC=C3)C,2s 9s,,TH,5,,0,,,1
VS226,C[C@H]1CC[C@@H](CC1)[C@@]2(CC[C@]([C@H]3CC[C@@H](CC3)C)([C@@H]4CC[C@@H](CC4)C)CC2)[C@H]5CC[C@H](CC5)C,2r 5r 8r 11r 12r 15r 19s 22s 28s 31s,,TH,5,,0,,,1
VS227,O=C([C@H]([C@@H]([C@H](C(O)=O)Cl)Cl)Cl)O,3R 4r 5S,P-93.4.1.2,TH,"1a,5",,1,3R 4R 5S,3R 4R 5S,1
VS228,O=C([C@H]([C@H]([C@H](C(O)=O)Cl)Cl)Cl)O,3R 4s 5S,P-93.4.1.2,TH,"1a,5",,1,3R 4S 5S,3R 4S 5S,1
VS229,C/C=C(/[C@H](Cl)C)\[C@H](C)Cl,2e 3e 4R 7S,P-92.6,"CT,TH","1a,5",Figure 11,1,2E 3E 4R 7S,2E 3E 4R 7S,1
VS230,S[C@H]1[C@H](C[C@H](C1)S)S,2R 3S 5r,P-93.5.1.1.1,TH,"1a,5",,1,2R 3S 5r,2R 3S 5r,1
VS231,CC=[C@]=C1CC[C@H](CC1)CC,2p 4p 7s,P-93.5.1.4.2.2,"TH,TH3","1a,5",,0,2E 3E,2E 3E,1
VS232,CC=[C@]=C1CCC(CC1)=[C@]=CC,2m 4m 7m 11m,,TH3,"1a,5",,0,2E 3E 10E 11E,2E 3E 10E 11E,1
VS233,Cl[C@@H]([C@H]([C@H](Cl)N([C@H](Cl)[C@@H]([C@@H](Cl)C)[C@@H](Cl)C)CC[C@@H](O)CCN([C@@H](Cl)[C@@H]([C@H](Cl)C)[C@H](Cl)C)[C@H](Cl)[C@H]([C@@H](Cl)C)[C@H](Cl)C)[C@@H](Cl)C)C,2R 3r 4S 7R 10S 13S 18r 23S 26R 29R 32R 34r 35S 38R 41S,,TH,"1a,5",,0,2R 3r 4S 6R 7R 10S 13S 18r 22R 23S 26R 29R 32R 34r 35S 38R 41S,2R 3R 4S 6S 7R 9R 10S 13S 18r 22S 23S 25R 26R 29R 32R 34R 35S 38R 41S,0
VS234,O[C@H](C1=C(C=CC=C1)[C@H](O)C)C2=CC=CC=C2[C@@H](O)C,2s 9R 18S,,TH,"1a,5",,1,2s 9R 18S,2s 9R 18S,1
VS235,CN1[C@@H]2C[C@H](C[C@H]1CC2)OC([C@H](CO)C=3C=CC=CC3)=O,3S 5r 7R 12S,P-93.5.2.2.1,TH,"1a,5",,0,2R 3S 5r 7R 12S,2S 3S 5r 7R 12S,0
VS236,C[C@@H]([C@H]([C@@H](C)S)S)S,2S 3r 4R,P-92.6,TH,"1a,5",Figure 11,1,2S 3R 4R,2S 3R 4R,1
VS237,O=[S@](CC)[C@H](O)[S@](CC)=O,2R 5r 7S,,TH,"1a,5",,0,,,1
VS238,C[C@H]1[C@H]2CCC[C@@H]1CC2,2s 3S 7R,,TH,"1a,5",,1,2S 3S 7R,2S 3S 7R,1
VS239,O[C@@H](N([C@@H]([C@@H](Cl)C)Cl)[C@H]([C@@H](Cl)C)Cl)N([C@@H]([C@@H](C)Cl)Cl)[C@H]([C@@H](C)Cl)Cl,2s 4R 5S 9S 10S 15R 16R 20S 21R,P-92.6,TH,"1a,5",,0,2S 3S 4R 5S 9S 10S 14R 15R 16R 20S 21R,2S 3S 4R 5S 9S 10S 14R 15R 16R 20S 21R,1
VS240,C[C@@H]1C\C=C\CC[C@@H](CC\C=C\C1)O,2s 4E 5E 8s 11E 12E,,"CT,TH","1a,5",,0,4Z 5Z 11Z 12Z,4E 5E 11E 12E,0
VS241,O[C@H]1C[C@H]2N[C@@H](C1)CC2,2s 4S 6R,P-93.5.2.2.1,TH,"1a,5",,0,2s 4S 5S 6R,2s 4S 5S 6R,1
VS242,C[C@@H](Cl)[C@H](Cl)[C@@H]([C@H](Cl)[C@@H](Cl)C)CN(C[C@@H]([C@H](Cl)[C@H](Cl)C)[C@@H](Cl)[C@@H](Cl)C)[C@H](O)N(C[C@H]([C@@H](Cl)[C@H](Cl)C)[C@H](Cl)[C@@H](Cl)C)C[C@H]([C@H](Cl)[C@H](Cl)C)[C@@H](Cl)[C@@H](Cl)C,2R 4R 6r 7S 9S 15s 16S 18R 21R 23S 26R 30s 31R 33R 36S 38S 42r 43S 45R 48R 50S,,TH,"1a,5","Figure 9, Figure 10",0,2S 4S 7S 9S 16S 18S 21S 23S 31S 33S 36S 38S 43S 45S 48S 50S ,,0
VS243,BrC=[C@@]=C([C@H](S)CC)[C@H](CC)S,2m 4m 5R 9S,P-92.6,"TH,TH3","1a,5",,0,2E 3E 4E 5R 9S,2E 3E 4E 5R 9S,1
VS244,C[C@@H]([C@@]([C@@H](C)Cl)(C[C@@H](C)Br)C[C@H](C)Br)Cl,2S 3S 4R 8R 12S,,TH,"1a,5",Figure 11,1,2S 3s 4R 8R 12S,2S 3s 4R 8R 12S,1
VS245,C(=C(/[C@H](C)Cl)\[C@H](Cl)C)(\[C@H](C)Br)/[C@H](Br)C,1E 2E 3S 6R 9S 12R,,"CT,TH","1a,5",Figure 11,0,1E 2E 3S 6R 9S 12R ,1E 2E 3S 6R 9S 12R ,1
VS246,C/C=C/1\CC[C@H](C)CC1,2z 3z 6R,,"CT,TH","3,5",,0,,,1
VS247,O/N=C/1\CC[C@@H](CC1)C,2z 3z 6R,P-93.5.1.4.2.2,"CT,TH","3,5",,0,,,1
VS248,CCC[C@H]1C/C(/C1)=C/Br,4S 6z 8z,P-93.5.1.4.2.2,"CT,TH","3,5",,0,,,1
VS249,Cl[C@@H]([C@H]([C@H](Cl)[C@@H]([C@H](Cl)[C@@H]([C@@H](Cl)C)[C@@H](Cl)C)[C@H](Br)C[C@@H](O)C[C@H](Br)[C@@H]([C@@H](Cl)[C@@H]([C@H](Cl)C)[C@H](Cl)C)[C@H](Cl)[C@H]([C@@H](Cl)C)[C@H](Cl)C)[C@@H](Cl)C)C,2R 3r 4S 6R 7R 10S 13S 16R 19s 22S 24S 25S 28R 31R 34R 36r 37S 40R 43S,,TH,"1a,4a,5",,0,2R 3R 4S 6S 7R 9R 10S 13S 16R 19s 22S 24S 25S 27S 28R 31R 34R 36R 37S 40R 43S,2R 3r 4S 6S 7R 10S 13S 16R 19s 22S 24S 25S 28R 31R 34R 36r 37S 40R 43S,0
VS250,Cl[C@@H]([C@H]([C@H](Cl)[C@@H]([C@H](Cl)[C@@H]([C@@H](Cl)C)[C@@H](Cl)C)[C@@H](Br)C[C@@H](O)C[C@@H](Br)[C@@H]([C@@H](Cl)[C@@H]([C@H](Cl)C)[C@H](Cl)C)[C@H](Cl)[C@H]([C@@H](Cl)C)[C@H](Cl)C)[C@@H](Cl)C)C,2R 3r 4S 6R 7R 10S 13S 16S 19r 22R 24S 25S 28R 31R 34R 36r 37S 40R 43S,,TH,"1a,4a,5",,0,2R 3r 4S 6S 7R 10S 13S 16S 19r 22R 24S 25S 28R 31R 34R 36r 37S 40R 43S,2R 3r 4S 6S 7R 10S 13S 16S 19r 22R 24S 25S 28R 31R 34R 36r 37S 40R 43S,1
VS251,C[C@H]([C@@H]([C@H](C([C@@H](C)Cl)[C@H](Cl)C)O)[C@H](C)Cl)Cl,2R 3s 4S 6R 9R 13S,P-92.5.1,TH,"1a,4a,5",,0,2R 3s 4r 6R 9R 13S,2R 3S 4r 5S 6R 9R 13S,0
VS252,CO[C@@H]1[C@@H]([C@@H]([C@H]1OC)OC)OC,3S 4s 5R 6r,,TH,"4b,5",,0,,,1
VS253,Cl[C@@H]1[C@@H]([C@@H]([C@H]([C@H]([C@H]1Cl)Cl)Cl)Cl)Cl,2R 3s 4S 5S 6s 7R,"P-93.5.1.1.2, P-93.5.1.3.2",TH,"4b,5",,0,,,1
VS254,Cl[C@H]1[C@@H]([C@H]([C@H]([C@@H]([C@H]1Cl)Cl)Cl)Cl)Cl,2S 3r 4R 5S 6r 7R,P-93.5.1.1.2,TH,"4b,5",,0,,,1
VS255,Cl[C@H]1[C@H]([C@H]([C@H]([C@@H]([C@H]1Cl)Cl)Cl)Cl)Cl,2R 3s 4S 5S 6r 7R,P-93.5.1.1.2,TH,"4b,5",,0,,,1
VS256,O1[C@@]2([C@]3([C@]4([C@]25CO5)CO4)CO3)C1,2S 3s 4R 5r,P-93.5.3.2,TH,"4b,5",,0,,,1
VS257,Cl[C@H]([C@@H]1CC[C@H](CC1)C)C,2S 3r 6S,,TH,"1a,4b,5",,0,2S,2S,1
VS258,Cl[C@@H]([C@@H]1CC[C@H](CC1)C)C,2R 3r 6R,,TH,"1a,4b,5",,0,2R,2R,1
VS259,C1[C@H](CCC=C1)[C@H]2CC[C@@H](CC2)/C=N/[C@H]3CC[C@@H](CC3)C4=CC=CC=C4,2S 7r 10S 13E 14E 15r 18S,P-93.5.7.2,"CT,TH","1a,4b,5",,0,2R 5Z 6Z 13E 14E,2R 5Z 6Z 13E 14E,1
VS260,C[C@@H]1CC[C@@H](CC1)[C@@H]2CC[C@@H](C[C@@H]2O)C,2R 5s 8S 11S 13S,P-93.5.7.2,TH,"1a,4b,5",,0,8S 11S 13S,8S 11S 13S,1
VS261,C[C@@H](Cl)[C@H](Cl)[C@@H]([C@H](Cl)[C@@H](Cl)C)C[C@H](C[C@@H]([C@H](Cl)[C@H](Cl)C)[C@@H](Cl)[C@@H](Cl)C)CCC[C@@](CCC[C@H](C[C@H]([C@@H](Cl)[C@H](Cl)C)[C@H](Cl)[C@@H](Cl)C)C[C@H]([C@H](Cl)[C@H](Cl)C)[C@@H](Cl)[C@@H](Cl)C)([C@H](C)Cl)[C@@H](C)Cl,2R 4R 6r 7S 9S 13S 15s 16S 18R 21R 23S 29s 33S 35s 36R 38R 41S 43S 47r 48S 50R 53R 55S 58S 61R,,TH,"1a,4b,5",,0,2R 4R 6R 7S 9S 13s 15S 16S 18R 21R 23S 29s 33r 35S 36R 38R 41S 43S 47R 48S 50R 53R 55S 58S 61R,,0
VS262,C[C@@H](Cl)C([C@@H](C)Cl)[C@H](Cl)N(CC[C@H](O)CCN([C@@H](Cl)[C@@H]([C@@H](C)Cl)[C@H](C)Cl)[C@H](Cl)C([C@@H](C)Cl)[C@@H](C)Cl)[C@H](Cl)[C@@H]([C@@H](C)Cl)[C@H](C)Cl,2R 5R 8S 13R 18S 20r 21R 24S 27R 30R 33R 36R 38r 39R 42S,,TH,"1a,4b,5",Figure 8,0,2R 5R 8S 10R 13s 17R 18S 20r 21R 24S 27R 30R 33R 36R 38r 39R 42S,2R 5R 8S 10R 13s 17R 18S 20r 21R 24S 27R 30R 33R 36R 38r 39R 42S,1
VS263,C[C@@H](Cl)[C@H](Cl)[C@@H]([C@H](Cl)[C@@H](Cl)C)C[C@H](C[C@@H]([C@H](Cl)[C@H](Cl)C)[C@@H](Cl)[C@@H](Cl)C)CCC[C@@](CCC[C@H](C[C@H]([C@@H](Cl)[C@H](Cl)C)[C@H](Cl)[C@@H](Cl)C)C[C@H]([C@H](Cl)[C@H](Cl)C)[C@@H](Cl)[C@@H](Cl)C)([C@H](C)Cl)[C@@H](C)Cl,2R 4R 6r 7S 9S 13S 15s 16S 18R 21R 23S 29s 33S 35s 36R 38R 41S 43S 47r 48S 50R 53R 55S 58S 61R,,TH,"1a,4b,5",,0,2R 4R 6R 7S 9S 13s 15S 16S 18R 21R 23S 29s 33r 35S 36R 38R 41S 43S 47R 48S 50R 53R 55S 58S 61R,2R 4R 6R 7S 9S 13s 15S 16S 18R 21R 23S 29s 33r 35S 36R 38R 41S 43S 47R 48S 50R 53R 55S 58S 61R,1
VS264,C[C@@H](Cl)[C@H](Cl)[C@@H]([C@H](Cl)[C@@H](Cl)C)CN(C[C@@H]([C@H](Cl)[C@H](Cl)C)[C@@H](Cl)[C@@H](Cl)C)CCC[C@@](CCCN(C[C@H]([C@@H](Cl)[C@H](Cl)C)[C@H](Cl)[C@@H](Cl)C)C[C@H]([C@H](Cl)[C@H](Cl)C)[C@@H](Cl)[C@@H](Cl)C)([C@H](C)F)[C@@H](C)F,2R 4R 6r 7S 9S 15s 16S 18R 21R 23S 29s 35s 36R 38R 41S 43S 47r 48S 50R 53R 55S 58S 61R,,TH,"1a,5",,0,2R 4R 6R 7S 9S 13r 15S 16S 18R 21R 23S 29s 33r 35S 36R 38R 41S 43S 47R 48S 50R 53R 55S 58S 61R,2R 4R 6R 7S 9S 13r 15S 16S 18R 21R 23S 29s 33s 35S 36R 38R 41S 43S 47R 48S 50R 53R 55S 58S 61R,0
VS265,C[C@@H](Cl)[C@H](Cl)[C@@H]([C@H](Cl)[C@@H](Cl)C)C[C@H](C[C@@H]([C@H](Cl)[C@H](Cl)C)[C@@H](Cl)[C@@H](Cl)C)CCC[C@@](CCC[C@H](C[C@H]([C@@H](Cl)[C@H](Cl)C)[C@H](Cl)[C@@H](Cl)C)C[C@H]([C@H](Cl)[C@H](Cl)C)[C@@H](Cl)[C@@H](Cl)C)(CC)[C@@H](C)Cl,2R 4R 6r 7S 9S 13S 15s 16S 18R 21R 23S 29S 33S 35s 36R 38R 41S 43S 47r 48S 50R 53R 55S 60R,,TH,"1a,4b,5",,0,2R 4R 6R 7S 9S 13s 15S 16S 18R 21R 23S 29s 33r 35S 36R 38R 41S 43S 47R 48S 50R 53R 55S 60R,,0
VS266,C[C@@H](Cl)[C@H](Cl)[C@@H]([C@H](Cl)[C@@H](Cl)C)CN(C[C@@H]([C@H](Cl)[C@H](Cl)C)[C@@H](Cl)[C@@H](Cl)C)CCC[C@@](CCCN(C[C@H]([C@@H](Cl)[C@H](Cl)C)[C@H](Cl)[C@@H](Cl)C)C[C@H]([C@H](Cl)[C@H](Cl)C)[C@@H](Cl)[C@@H](Cl)C)(CC)[C@@H](C)F,2R 4R 6r 7S 9S 15s 16S 18R 21R 23S 29S 35s 36R 38R 41S 43S 47r 48S 50R 53R 55S 60R,,TH,"1a,5",,0,2R 4R 6R 7S 9S 13s 15S 16S 18R 21R 23S 29s 33r 35S 36R 38R 41S 43S 47R 48S 50R 53R 55S 60R,2R 4R 6R 7S 9S 13s 15S 16S 18R 21R 23S 29s 33r 35S 36R 38R 41S 43S 47R 48S 50R 53R 55S 60R,1
VS267,C[C@@H](Cl)[C@H](Cl)[C@@H]([C@H](Cl)[C@H](C)Cl)CN(CC[C@@](CCN(C[C@@H]([C@@H](Cl)[C@H](C)Cl)[C@H](Cl)[C@@H](C)Cl)C[C@@H]([C@H](Cl)[C@H](C)Cl)[C@@H](Cl)[C@@H](C)Cl)([C@H](F)C)[C@H](C)F)C[C@H]([C@@H](Cl)[C@H](C)Cl)[C@H](Cl)[C@@H](C)Cl,2R 4R 6r 7S 9S 16r 21r 22R 24S 27S 29R 33s 34S 36S 39R 41R 44R 47S 51s 52R 54S 57S 59R,,TH,"1a,5",,0,2R 4R 6R 7S 9S 13r 16r 19s 21R 22R 24S 27S 29R 33S 34S 36S 39R 41R 44R 47S 51S 52R 54S 57S 59R,2R 4R 6R 7S 9S 13r 16r 19r 21R 22R 24S 27S 29R 33S 34S 36S 39R 41R 44R 47S 51S 52R 54S 57S 59R,0
VS268,C[C@@H](Cl)[C@H](Cl)[C@@H]([C@H](Cl)[C@H](C)Cl)C[C@@H](CC[C@@](CC[C@H](C[C@@H]([C@@H](Cl)[C@H](C)Cl)[C@H](Cl)[C@@H](C)Cl)C[C@@H]([C@H](Cl)[C@H](C)Cl)[C@@H](Cl)[C@@H](C)Cl)([C@H](F)C)[C@H](C)F)C[C@H]([C@@H](Cl)[C@H](C)Cl)[C@H](Cl)[C@@H](C)Cl,2R 4R 6r 7S 9S 13S 16S 19R 21r 22R 24S 27S 29R 33s 34S 36S 39R 41R 44R 47S 51s 52R 54S 57S 59R,,TH,"1a,4b,5",,0,2R 4R 6R 7S 9S 13s 16r 19s 21R 22R 24S 27S 29R 33S 34S 36S 39R 41R 44R 47S 51S 52R 54S 57S 59R,,0
VS269,Cl[C@@H]([C@H]([C@H](Cl)[C@@H]([C@H](Cl)[C@@H]([C@@H](Cl)C)[C@@H](Cl)C)[C@H](Br)C[C@@H](O)C[C@@H](Br)[C@@H]([C@@H](Cl)[C@@H]([C@H](Cl)C)[C@H](Cl)C)[C@H](Cl)[C@H]([C@@H](Cl)C)[C@H](Cl)C)[C@@H](Cl)C)C,2R 3r 4S 6R 7R 10S 13S 16R 19S 22R 24S 25S 28R 31R 34R 36r 37S 40R 43S,,TH,"1a,4a,4b,5",,0,2R 3R 4S 6S 7R 9R 10S 13S 16R 19r 22R 24S 25S 27S 28R 31R 34R 36R 37S 40R 43S,,0
VS270,Cl[C@@H]([C@H]([C@H](Cl)[C@@H]([C@H](Cl)[C@@H]([C@@H](Cl)C)[C@@H](Cl)C)[C@@H](Br)C[C@@H](O)C[C@H](Br)[C@@H]([C@@H](Cl)[C@@H]([C@H](Cl)C)[C@H](Cl)C)[C@H](Cl)[C@H]([C@@H](Cl)C)[C@H](Cl)C)[C@@H](Cl)C)C,2R 3r 4S 6R 7R 10S 13S 16S 19R 22S 24S 25S 28R 31R 34R 36r 37S 40R 43S,,TH,"1a,4a,4b,5",,0,2R 3R 4S 6S 7R 9R 10S 13S 16S 19r 22S 24S 25S 27R 28R 31R 34R 36R 37S 40R 43S,2R 3R 4S 6S 7R 9R 10S 13S 16S 19r 22S 24S 25S 27R 28R 31R 34R 36R 37S 40R 43S,1
VS271,C[C@@H]([C@@H]([C@H]([C@@H]([C@H]([C@@H]([C@H](C)O)O)[C@H]([C@H](C)O)O)C)[C@@H]([C@H](O)C)O)O)O,2S 3R 4r 5S 6S 7S 8S 12R 13S 18S 19R,,TH,"1a,4a,4b,5",,0,2S 3R 4R 5r 6R 7S 8S 12R 13S 18S 19R,2S 3R 4R 5r 6R 7S 8S 12R 13S 18S 19R,1
VS272,C[C@H]([C@H]([C@H](\C(=C/1\[C@H](Br)/C(=C(\[C@@H]([C@@H]([C@H](C)Cl)[C@H](C)Cl)Cl)/[C@@H](Cl)[C@@H]([C@H](C)Cl)[C@@H](C)Cl)/[C@@H]1Br)\[C@@H](Cl)[C@@H]([C@H](C)Cl)[C@H](C)Cl)Cl)[C@H](C)Cl)Cl,2R 3r 4R 5Z 6Z 7R 9Z 10Z 11R 13S 16S 20S 22s 23S 26R 29R 31S 34S 37S 41S,,"CT,TH","1a,4a,4b,5",,0,2R 3R 4S 5Z 6Z 7r 9E 10E 11S 12S 13S 16S 20R 22S 23S 26R 29s 31R 33R 34S 37S 41S,2R 3r 4S 5E 6E 7s 9Z 10Z 11S 13S 16S 20R 22s 23S 26R 29r 31R 34S 37S 41S,0
VS273,C[C@H]([C@H]([C@@]([C@@H]([C@@]([C@@H]([C@H](C)Cl)[C@@H](Cl)C)([C@H]([C@H](C)Cl)[C@@H](C)Cl)[C@@H]([C@H](C)Cl)[C@@H](C)Cl)O)([C@H]([C@H](C)Cl)[C@H](C)Cl)[C@@H]([C@@H](Cl)C)[C@@H](C)Cl)[C@H](C)Cl)Cl,2R 3r 4R 6R 8S 11S 14r 15S 18R 21s 22S 25R 30S 33S 36s 37S 40R 43S,,TH,"1a,4c,5",,0,2S 8S 11S 15S 18S 22S 25S 30S 33S 37S 40S 43S,,0
VS274,C[C@H]([C@H]([C@@]([C@@H]([C@@]([C@@H]([C@H](C)Cl)[C@@H](C)Cl)([C@H]([C@@H](C)Cl)[C@@H](C)Cl)[C@@H]([C@@H](C)Cl)[C@H](C)Cl)O)([C@H]([C@@H](C)Cl)[C@H](C)Cl)[C@@H]([C@H](C)Cl)[C@H](C)Cl)[C@@H](Cl)C)Cl,2R 3r 4S 5s 6R 7s 8S 11R 15R 18R 21r 22R 25S 29s 30R 33S 37S 40S 43S,,TH,"1a,4c,5",,0,2S 8S 11S 15S 18S 22S 25S 30S 33S 37S 40S 43S,,0
VS275,Cl[C@@H]([C@H]([C@H](Cl)[C@@H]([C@H](Cl)[C@@H]([C@H](Cl)C)[C@@H](Cl)C)[C@H](Br)C[C@@H](O)C[C@@H](Br)[C@H]([C@H](Cl)[C@@H]([C@@H](Cl)C)[C@H](Cl)C)[C@@H](Cl)[C@H]([C@H](Cl)C)[C@@H](Cl)C)[C@@H](Cl)C)C,2R 3r 4S 6s 7R 9r 10R 13S 16R 19S 22R 24s 25R 27s 28S 31R 34S 36s 37R 40S 43S,,TH,"1a,4c,5",,1,2R 3R 4S 6S 7R 9R 10R 13S 16R 19s 22R 24S 25R 27S 28S 31R 34S 36S 37R 40S 43S,2R 3R 4S 6S 7R 9R 10R 13S 16R 19s 22R 24S 25R 27S 28S 31R 34S 36S 37R 40S 43S,1
VS276,C[C@H]([C@@H]([C@H]([C@@H]([C@@H](C)Cl)[C@@H](Cl)C)O)[C@H](C)Cl)Cl,2R 3s 4R 5r 6R 9S 13S,P-92.5.3,TH,"1a,4c,5",,1,2R 3S 4R 5R 6R 9S 13S,2R 3S 4R 5R 6R 9S 13S,1
VS277,Cl[C@@H]([C@H]([C@H](Cl)[C@@H]([C@H](Cl)[C@@H]([C@@H](Cl)C)[C@@H](Cl)C)[C@@H](Br)C[C@@H](O)C[C@@H](Br)[C@@H]([C@@H](Cl)[C@@H]([C@H](Cl)C)[C@H](Cl)C)[C@H](Cl)[C@H]([C@H](Cl)C)[C@@H](Cl)C)[C@@H](Cl)C)C,2R 3r 4S 6R 7R 10S 13S 16S 19S 22R 24S 25S 28R 31R 34R 36s 37R 40S 43S,,TH,"1a,4a,4c,5",,0,2R 3R 4S 6S 7R 9R 10S 13S 16S 19r 22R 24S 25S 27S 28R 31R 34R 36S 37R 40S 43S,,0
VS278,Cl[C@@H]([C@H]([C@H](Cl)[C@@H]([C@H](Cl)[C@@H]([C@H](Cl)C)[C@@H](Cl)C)[C@H](Br)C[C@@H](O)C[C@@H](Br)[C@H]([C@H](Cl)[C@@H]([C@H](Cl)C)[C@@H](Cl)C)[C@@H](Cl)[C@H]([C@H](Cl)C)[C@@H](Cl)C)[C@@H](Cl)C)C,2R 3r 4S 6s 7R 9r 10R 13S 16R 19R 22R 24S 25R 27r 28R 31S 34S 36s 37R 40S 43S,,TH,"1a,4a,4c,5",,0,2R 3R 4S 6S 7R 9R 10R 13S 16R 19s 22R 24S 25R 27R 28R 31S 34S 36S 37R 40S 43S,2R 3R 4S 6S 7R 9R 10R 13S 16R 19s 22R 24S 25R 27R 28R 31S 34S 36S 37R 40S 43S,1
VS279,O[C@@H](C[C@H]1CC[C@@H](CC1)C)C[C@@H]2CC[C@@H](CC2)C,2R 4r 7S 12s 15S,P-93.6,TH,"4b,4c,5",Figure 1,0,,,1
VS280,C1C[C@]23CCC[C@@]24CCC[C@@]45CCC[C@@]56CCC[C@]36C1,3R 7R 11R 15R 19R,,TH,6,,0,,,1
VS281,C1=C2[C@@]34C(=C1)CCCCC3=CC=C4CCCC2,3S,,TH,6,"Figure 12, Figure 13",0,1Z 2Z 4Z 5Z 10Z 11Z 12Z 13Z,1Z 2Z 4Z 5Z 10Z 11Z 12Z 13Z,1
VS282,C1=C2[C@]34C(=C1)CCCCC3=CC=C4CCCC2,3R,,TH,6,,0,1Z 2Z 4Z 5Z 10Z 11Z 12Z 13Z,1Z 2Z 4Z 5Z 10Z 11Z 12Z 13Z,1
VS283,C1=C2[C@@H]3C(CCC=C3CC1)=CCC2,3S,,TH,6,Figure 12,0,1Z 2Z 4Z 7Z 8Z 11Z ,1Z 2Z 4Z 7Z 8Z 11Z ,1
VS284,C1=C2[C@H]3C(CCC=C3CC1)=CCC2,3R,,TH,6,,0,1Z 2Z 4Z 7Z 8Z 11Z ,1Z 2Z 4Z 7Z 8Z 11Z ,1
VS285,O=C1[C@]2(NCC1)C(CCN2)=O,3R,P-93.5.3.2,TH,6,"Figure 12, Figure 13",0,4R 10R,3r 4R 10S,0
VS286,C1[C@@]2(CC[C@]13CCCC3)C[C@@]4(CC2)CCCC4,2S,P-93.5.3.2,TH,6,,0,,,1
VS287,[C@]=1=C2CCCCCCC1CCCCCC2,2M 9M,,TH3,6,,0,,,1
VS288,O=C1[C@@]2(CCCC2=O)CCC1,3S,P-93.5.3.2,TH,6,,0,,,1
VS289,C1=C2[C@@H]3C(C1)=CCC3=CC2,3R,,TH,6,,0,1Z 2Z 4Z 6Z 8Z 9Z,1Z 2Z 4Z 6Z 8Z 9Z,1
VS290,C1=C2[C@H]3C(C1)=CCC3=CC2,3S,,TH,6,,0,1Z 2Z 4Z 6Z 8Z 9Z,1Z 2Z 4Z 6Z 8Z 9Z,1
VS291,C1[C@@]2(OCC1)OCCC2,2R,P-93.5.3.2,TH,6,,0,,,1
VS292,C1=C2[C@@]34C(=C1)CCC3=CC=C4CC2,3S,,TH,6,,0,1Z 2Z 4Z 5Z 8Z 9Z 10Z 11Z,1Z 2Z 4Z 5Z 8Z 9Z 10Z 11Z,1
VS293,C\1C/C/2=C/CC/C/3=C/CC/C(=C1)/C[C@@H](C2)C3,3Z 4Z 7Z 8Z 11Z 12Z 14S,,"CT,TH","1a,6",,0,3Z 4Z 7Z 8Z 11Z 12Z,3Z 4Z 7Z 8Z 11Z 12Z,1
VS294,O[C@H]1O[C@@]2(O[C@H]1O)O[C@H]([C@H](O2)O)O,2S 4R 6R 9R 10S,,TH,"1a,6",,0,2S 6R 9R 10S,2S 6R 9R 10S,1
VS295,O[C@H]1O[C@@]2(O[C@H]1O)O[C@@H]([C@@H](O2)O)O,2S 4S 6R 9S 10R,,TH,"1a,6",,0,2S 6R 9S 10R,2S 6R 9S 10R,1
VS296,C1[C@@]2(OCCC1)CC[C@]3(CC2)CC[C@@]4(CC3)OCCCC4,2S 9S 14S,,TH,"4c,6",,0,,,1
VS297,C1[C@@]2(CC[C@]3(C1)OCCC3)CC[C@@]4(CC2)CCCO4,2R 5S 13S,P-93 5.3.5,TH,"4c,6",,0,,,1
VS298,Cl[C@H]1C[C@]2(C1)C[C@H](C2)Cl,2R 4S 7R,P-93 5.3.5,TH,"4c,6",,0,,,1
VS299,C\C=C/1\C[C@]2(C\C(\C2)=C\C)C1,2z 3z 5S 7z 9z,,"CT,TH","5,6",,0,,,1
VS300,O[C@H](C[C@@]12C=3CCC=C2CCC=C1CCC3)C[C@]45C=6CCC=C5CCC=C4CCC6,2s 4R 18S,,TH,"5,6",,0,5Z 8Z 9Z 12Z 13Z 16Z 19Z 22Z 23Z 26Z 27Z 30Z,5Z 8Z 9Z 12Z 13Z 16Z 19Z 22Z 23Z 26Z 27Z 30Z,1
